Match Number,Round Number,Date,Location,Home Team,Away Team,Year,Month,Day,DayOfWeek,Season,Day Name,Team Pair
1,1,2027-03-27 14:00:00,M Chinnaswamy Stadium,Royal Challengers Bengaluru,Sunrisers Hyderabad,2026,3,27,5,2027,Saturday,Royal Challengers Bengaluru vs Sunrisers Hyderabad
2,1,2027-03-28 14:00:00,Wankhede Stadium,Mumbai Indians,Kolkata Knight Riders,2026,3,28,6,2027,Sunday,Mumbai Indians vs Kolkata Knight Riders
3,1,2027-03-29 14:00:00,ACA Stadium,Rajasthan Royals,Chennai Super Kings,2026,3,29,0,2027,Monday,Rajasthan Royals vs Chennai Super Kings
4,1,2027-03-30 14:00:00,New International Cricket Stadium,Punjab Kings,Gujarat Titans,2026,3,30,1,2027,Tuesday,Punjab Kings vs Gujarat Titans
5,1,2027-03-31 14:00:00,Bharat Ratna Shri Atal Bihari Vajpayee Ekana Crick,Lucknow Super Giants,Delhi Capitals,2026,3,31,2,2027,Wednesday,Lucknow Super Giants vs Delhi Capitals
6,1,2027-04-01 14:00:00,Eden Gardens,Kolkata Knight Riders,Sunrisers Hyderabad,2026,4,1,3,2027,Thursday,Kolkata Knight Riders vs Sunrisers Hyderabad
7,1,2027-04-02 14:00:00,MA Chidambaram Stadium,Chennai Super Kings,Punjab Kings,2026,4,2,4,2027,Friday,Chennai Super Kings vs Punjab Kings
8,1,2027-04-03 10:00:00,Arun Jaitley Stadium,Delhi Capitals,Mumbai Indians,2026,4,3,5,2027,Saturday,Delhi Capitals vs Mumbai Indians
9,1,2027-04-03 14:00:00,Narendra Modi Stadium,Gujarat Titans,Rajasthan Royals,2026,4,3,5,2027,Saturday,Gujarat Titans vs Rajasthan Royals
10,2,2027-04-04 10:00:00,Rajiv Gandhi International Stadium,Sunrisers Hyderabad,Lucknow Super Giants,2026,4,4,6,2027,Sunday,Sunrisers Hyderabad vs Lucknow Super Giants
11,2,2027-04-04 14:00:00,M Chinnaswamy Stadium,Royal Challengers Bengaluru,Chennai Super Kings,2026,4,4,6,2027,Sunday,Royal Challengers Bengaluru vs Chennai Super Kings
12,2,2027-04-05 14:00:00,Eden Gardens,Kolkata Knight Riders,Punjab Kings,2026,4,5,0,2027,Monday,Kolkata Knight Riders vs Punjab Kings
13,2,2027-04-06 14:00:00,ACA Stadium,Rajasthan Royals,Mumbai Indians,2026,4,6,1,2027,Tuesday,Rajasthan Royals vs Mumbai Indians
14,2,2027-04-07 14:00:00,Arun Jaitley Stadium,Delhi Capitals,Gujarat Titans,2026,4,7,2,2027,Wednesday,Delhi Capitals vs Gujarat Titans
15,2,2027-04-08 14:00:00,Eden Gardens,Kolkata Knight Riders,Lucknow Super Giants,2026,4,8,3,2027,Thursday,Kolkata Knight Riders vs Lucknow Super Giants
16,2,2027-04-09 14:00:00,ACA Stadium,Rajasthan Royals,Royal Challengers Bengaluru,2026,4,9,4,2027,Friday,Rajasthan Royals vs Royal Challengers Bengaluru
17,2,2027-04-10 10:00:00,New International Cricket Stadium,Punjab Kings,Sunrisers Hyderabad,2026,4,10,5,2027,Saturday,Punjab Kings vs Sunrisers Hyderabad
18,2,2027-04-10 14:00:00,MA Chidambaram Stadium,Chennai Super Kings,Delhi Capitals,2026,4,10,5,2027,Saturday,Chennai Super Kings vs Delhi Capitals
19,3,2027-04-11 10:00:00,Bharat Ratna Shri Atal Bihari Vajpayee Ekana Crick,Lucknow Super Giants,Gujarat Titans,2026,4,11,6,2027,Sunday,Lucknow Super Giants vs Gujarat Titans
20,3,2027-04-11 14:00:00,Wankhede Stadium,Mumbai Indians,Royal Challengers Bengaluru,2026,4,11,6,2027,Sunday,Mumbai Indians vs Royal Challengers Bengaluru
21,3,2027-04-12 14:00:00,Rajiv Gandhi International Stadium,Sunrisers Hyderabad,Rajasthan Royals,2026,4,12,0,2027,Monday,Sunrisers Hyderabad vs Rajasthan Royals
22,3,2027-04-13 14:00:00,MA Chidambaram Stadium,Chennai Super Kings,Kolkata Knight Riders,2026,4,13,1,2027,Tuesday,Chennai Super Kings vs Kolkata Knight Riders
23,3,2027-04-14 14:00:00,M Chinnaswamy Stadium,Royal Challengers Bengaluru,Lucknow Super Giants,2026,4,14,2,2027,Wednesday,Royal Challengers Bengaluru vs Lucknow Super Giants
24,3,2027-04-15 14:00:00,Wankhede Stadium,Mumbai Indians,Punjab Kings,2026,4,15,3,2027,Thursday,Mumbai Indians vs Punjab Kings
25,3,2027-04-16 14:00:00,Narendra Modi Stadium,Gujarat Titans,Kolkata Knight Riders,2026,4,16,4,2027,Friday,Gujarat Titans vs Kolkata Knight Riders
26,3,2027-04-17 10:00:00,M Chinnaswamy Stadium,Royal Challengers Bengaluru,Delhi Capitals,2026,4,17,5,2027,Saturday,Royal Challengers Bengaluru vs Delhi Capitals
27,3,2027-04-17 14:00:00,Rajiv Gandhi International Stadium,Sunrisers Hyderabad,Chennai Super Kings,2026,4,17,5,2027,Saturday,Sunrisers Hyderabad vs Chennai Super Kings
28,4,2027-04-18 10:00:00,Eden Gardens,Kolkata Knight Riders,Rajasthan Royals,2026,4,18,6,2027,Sunday,Kolkata Knight Riders vs Rajasthan Royals
29,4,2027-04-18 14:00:00,New International Cricket Stadium,Punjab Kings,Lucknow Super Giants,2026,4,18,6,2027,Sunday,Punjab Kings vs Lucknow Super Giants
30,4,2027-04-19 14:00:00,Narendra Modi Stadium,Gujarat Titans,Mumbai Indians,2026,4,19,0,2027,Monday,Gujarat Titans vs Mumbai Indians
31,4,2027-04-20 14:00:00,Rajiv Gandhi International Stadium,Sunrisers Hyderabad,Delhi Capitals,2026,4,20,1,2027,Tuesday,Sunrisers Hyderabad vs Delhi Capitals
32,4,2027-04-21 14:00:00,Bharat Ratna Shri Atal Bihari Vajpayee Ekana Crick,Lucknow Super Giants,Rajasthan Royals,2026,4,21,2,2027,Wednesday,Lucknow Super Giants vs Rajasthan Royals
33,4,2027-04-22 14:00:00,Wankhede Stadium,Mumbai Indians,Chennai Super Kings,2026,4,22,3,2027,Thursday,Mumbai Indians vs Chennai Super Kings
34,4,2027-04-23 14:00:00,M Chinnaswamy Stadium,Royal Challengers Bengaluru,Gujarat Titans,2026,4,23,4,2027,Friday,Royal Challengers Bengaluru vs Gujarat Titans
35,4,2027-04-24 10:00:00,Arun Jaitley Stadium,Delhi Capitals,Punjab Kings,2026,4,24,5,2027,Saturday,Delhi Capitals vs Punjab Kings
36,4,2027-04-24 14:00:00,Sawai Mansingh Stadium,Rajasthan Royals,Sunrisers Hyderabad,2026,4,24,5,2027,Saturday,Rajasthan Royals vs Sunrisers Hyderabad
37,5,2027-04-25 10:00:00,MA Chidambaram Stadium,Chennai Super Kings,Gujarat Titans,2026,4,25,6,2027,Sunday,Chennai Super Kings vs Gujarat Titans
38,5,2027-04-25 14:00:00,Bharat Ratna Shri Atal Bihari Vajpayee Ekana Crick,Lucknow Super Giants,Kolkata Knight Riders,2026,4,25,6,2027,Sunday,Lucknow Super Giants vs Kolkata Knight Riders
39,5,2027-04-26 14:00:00,Arun Jaitley Stadium,Delhi Capitals,Royal Challengers Bengaluru,2026,4,26,0,2027,Monday,Delhi Capitals vs Royal Challengers Bengaluru
40,5,2027-04-27 14:00:00,New International Cricket Stadium,Punjab Kings,Rajasthan Royals,2026,4,27,1,2027,Tuesday,Punjab Kings vs Rajasthan Royals
41,5,2027-04-28 14:00:00,Wankhede Stadium,Mumbai Indians,Sunrisers Hyderabad,2026,4,28,2,2027,Wednesday,Mumbai Indians vs Sunrisers Hyderabad
42,5,2027-04-29 14:00:00,Narendra Modi Stadium,Gujarat Titans,Royal Challengers Bengaluru,2026,4,29,3,2027,Thursday,Gujarat Titans vs Royal Challengers Bengaluru
43,5,2027-04-30 14:00:00,Sawai Mansingh Stadium,Rajasthan Royals,Delhi Capitals,2026,4,30,4,2027,Friday,Rajasthan Royals vs Delhi Capitals
44,5,2027-05-01 14:00:00,MA Chidambaram Stadium,Chennai Super Kings,Mumbai Indians,2026,5,1,5,2027,Saturday,Chennai Super Kings vs Mumbai Indians
45,6,2027-05-02 10:00:00,Rajiv Gandhi International Stadium,Sunrisers Hyderabad,Kolkata Knight Riders,2026,5,2,6,2027,Sunday,Sunrisers Hyderabad vs Kolkata Knight Riders
46,6,2027-05-02 14:00:00,Narendra Modi Stadium,Gujarat Titans,Punjab Kings,2026,5,2,6,2027,Sunday,Gujarat Titans vs Punjab Kings
47,6,2027-05-03 14:00:00,Wankhede Stadium,Mumbai Indians,Lucknow Super Giants,2026,5,3,0,2027,Monday,Mumbai Indians vs Lucknow Super Giants
48,6,2027-05-04 14:00:00,Arun Jaitley Stadium,Delhi Capitals,Chennai Super Kings,2026,5,4,1,2027,Tuesday,Delhi Capitals vs Chennai Super Kings
49,6,2027-05-05 14:00:00,Rajiv Gandhi International Stadium,Sunrisers Hyderabad,Punjab Kings,2026,5,5,2,2027,Wednesday,Sunrisers Hyderabad vs Punjab Kings
50,6,2027-05-06 14:00:00,Bharat Ratna Shri Atal Bihari Vajpayee Ekana Crick,Lucknow Super Giants,Royal Challengers Bengaluru,2026,5,6,3,2027,Thursday,Lucknow Super Giants vs Royal Challengers Bengaluru
51,6,2027-05-07 14:00:00,Arun Jaitley Stadium,Delhi Capitals,Kolkata Knight Riders,2026,5,7,4,2027,Friday,Delhi Capitals vs Kolkata Knight Riders
52,6,2027-05-08 14:00:00,Sawai Mansingh Stadium,Rajasthan Royals,Gujarat Titans,2026,5,8,5,2027,Saturday,Rajasthan Royals vs Gujarat Titans
53,7,2027-05-09 10:00:00,MA Chidambaram Stadium,Chennai Super Kings,Lucknow Super Giants,2026,5,9,6,2027,Sunday,Chennai Super Kings vs Lucknow Super Giants
54,7,2027-05-09 14:00:00,Shaheed Veer Narayan Singh International Cricket S,Royal Challengers Bengaluru,Mumbai Indians,2026,5,9,6,2027,Sunday,Royal Challengers Bengaluru vs Mumbai Indians
55,7,2027-05-10 14:00:00,Himachal Pradesh Cricket Association Stadium,Punjab Kings,Delhi Capitals,2026,5,10,0,2027,Monday,Punjab Kings vs Delhi Capitals
56,7,2027-05-11 14:00:00,Narendra Modi Stadium,Gujarat Titans,Sunrisers Hyderabad,2026,5,11,1,2027,Tuesday,Gujarat Titans vs Sunrisers Hyderabad
57,7,2027-05-12 14:00:00,Shaheed Veer Narayan Singh International Cricket S,Royal Challengers Bengaluru,Kolkata Knight Riders,2026,5,12,2,2027,Wednesday,Royal Challengers Bengaluru vs Kolkata Knight Riders
58,7,2027-05-13 14:00:00,Himachal Pradesh Cricket Association Stadium,Punjab Kings,Mumbai Indians,2026,5,13,3,2027,Thursday,Punjab Kings vs Mumbai Indians
59,7,2027-05-14 14:00:00,Bharat Ratna Shri Atal Bihari Vajpayee Ekana Crick,Lucknow Super Giants,Chennai Super Kings,2026,5,14,4,2027,Friday,Lucknow Super Giants vs Chennai Super Kings
60,7,2027-05-15 14:00:00,Eden Gardens,Kolkata Knight Riders,Gujarat Titans,2026,5,15,5,2027,Saturday,Kolkata Knight Riders vs Gujarat Titans
61,8,2027-05-16 10:00:00,Himachal Pradesh Cricket Association Stadium,Punjab Kings,Royal Challengers Bengaluru,2026,5,16,6,2027,Sunday,Punjab Kings vs Royal Challengers Bengaluru
62,8,2027-05-16 14:00:00,Arun Jaitley Stadium,Delhi Capitals,Rajasthan Royals,2026,5,16,6,2027,Sunday,Delhi Capitals vs Rajasthan Royals
63,8,2027-05-17 14:00:00,MA Chidambaram Stadium,Chennai Super Kings,Sunrisers Hyderabad,2026,5,17,0,2027,Monday,Chennai Super Kings vs Sunrisers Hyderabad
64,8,2027-05-18 14:00:00,Sawai Mansingh Stadium,Rajasthan Royals,Lucknow Super Giants,2026,5,18,1,2027,Tuesday,Rajasthan Royals vs Lucknow Super Giants
65,8,2027-05-19 14:00:00,Eden Gardens,Kolkata Knight Riders,Mumbai Indians,2026,5,19,2,2027,Wednesday,Kolkata Knight Riders vs Mumbai Indians
66,8,2027-05-20 14:00:00,Narendra Modi Stadium,Gujarat Titans,Chennai Super Kings,2026,5,20,3,2027,Thursday,Gujarat Titans vs Chennai Super Kings
67,8,2027-05-21 14:00:00,Rajiv Gandhi International Stadium,Sunrisers Hyderabad,Royal Challengers Bengaluru,2026,5,21,4,2027,Friday,Sunrisers Hyderabad vs Royal Challengers Bengaluru
68,8,2027-05-22 14:00:00,Bharat Ratna Shri Atal Bihari Vajpayee Ekana Crick,Lucknow Super Giants,Punjab Kings,2026,5,22,5,2027,Saturday,Lucknow Super Giants vs Punjab Kings
69,8,2027-05-23 10:00:00,Wankhede Stadium,Mumbai Indians,Rajasthan Royals,2026,5,23,6,2027,Sunday,Mumbai Indians vs Rajasthan Royals
70,8,2027-05-23 14:00:00,Eden Gardens,Kolkata Knight Riders,Delhi Capitals,2026,5,23,6,2027,Sunday,Kolkata Knight Riders vs Delhi Capitals
71, Preliminary Finals ,2027-05-25 14:00:00,Himachal Pradesh Cricket Association Stadium,Royal Challengers Bengaluru,Gujarat Titans,2026,5,25,1,2027,Tuesday,Royal Challengers Bengaluru vs Gujarat Titans
72, Preliminary Finals ,2027-05-26 14:00:00,New International Cricket Stadium,Sunrisers Hyderabad,Rajasthan Royals,2026,5,26,2,2027,Wednesday,Sunrisers Hyderabad vs Rajasthan Royals
73,Qualifier 2,2027-05-28 14:00:00,New International Cricket Stadium,Gujarat Titans,Rajasthan Royals,2026,5,28,4,2027,Friday,Gujarat Titans vs Rajasthan Royals
74,Final,2027-05-30 14:00:00,Narendra Modi Stadium,Royal Challengers Bengaluru,Gujarat Titans,2026,5,30,6,2027,Sunday,Royal Challengers Bengaluru vs Gujarat Titans
